{
  "position_frequency": {
    "position_1": {
      "1": 0.1,
      "7": 0.1,
      "13": 0.1,
      "19": 0.1,
      "25": 0.1,
      "31": 0.1,
      "37": 0.1,
      "2": 0.1,
      "3": 0.1,
      "4": 0.1
    },
    "position_2": {
      "2": 0.1,
      "8": 0.1,
      "14": 0.1,
      "20": 0.1,
      "26": 0.1,
      "32": 0.1,
      "38": 0.1,
      "10": 0.1,
      "11": 0.1,
      "12": 0.1
    },
    "position_3": {
      "3": 0.1,
      "9": 0.1,
      "15": 0.1,
      "21": 0.1,
      "27": 0.1,
      "33": 0.1,
      "39": 0.1,
      "18": 0.1,
      "19": 0.1,
      "20": 0.1
    },
    "position_4": {
      "28": 0.2,
      "4": 0.1,
      "10": 0.1,
      "16": 0.1,
      "22": 0.1,
      "34": 0.1,
      "40": 0.1,
      "26": 0.1,
      "27": 0.1
    },
    "position_5": {
      "35": 0.2,
      "5": 0.1,
      "11": 0.1,
      "17": 0.1,
      "23": 0.1,
      "29": 0.1,
      "41": 0.1,
      "34": 0.1,
      "36": 0.1
    },
    "position_6": {
      "42": 0.2,
      "6": 0.1,
      "12": 0.1,
      "18": 0.1,
      "24": 0.1,
      "30": 0.1,
      "36": 0.1,
      "43": 0.1,
      "44": 0.1
    },
    "all_positions": {
      "19": 0.03333333333333333,
      "2": 0.03333333333333333,
      "3": 0.03333333333333333,
      "4": 0.03333333333333333,
      "20": 0.03333333333333333,
      "26": 0.03333333333333333,
      "10": 0.03333333333333333,
      "11": 0.03333333333333333,
      "12": 0.03333333333333333,
      "27": 0.03333333333333333,
      "18": 0.03333333333333333,
      "28": 0.03333333333333333,
      "34": 0.03333333333333333,
      "35": 0.03333333333333333,
      "36": 0.03333333333333333,
      "42": 0.03333333333333333,
      "1": 0.016666666666666666,
      "7": 0.016666666666666666,
      "13": 0.016666666666666666,
      "25": 0.016666666666666666,
      "31": 0.016666666666666666,
      "37": 0.016666666666666666,
      "8": 0.016666666666666666,
      "14": 0.016666666666666666,
      "32": 0.016666666666666666,
      "38": 0.016666666666666666,
      "9": 0.016666666666666666,
      "15": 0.016666666666666666,
      "21": 0.016666666666666666,
      "33": 0.016666666666666666,
      "39": 0.016666666666666666,
      "16": 0.016666666666666666,
      "22": 0.016666666666666666,
      "40": 0.016666666666666666,
      "5": 0.016666666666666666,
      "17": 0.016666666666666666,
      "23": 0.016666666666666666,
      "29": 0.016666666666666666,
      "41": 0.016666666666666666,
      "6": 0.016666666666666666,
      "24": 0.016666666666666666,
      "30": 0.016666666666666666,
      "43": 0.016666666666666666,
      "44": 0.016666666666666666
    },
    "position_matrix": [
      [
        0.1,
        0.0,
        0.0,
        0.0,
        0.0,
        0.0
      ],
      [
        0.1,
        0.1,
        0.0,
        0.0,
        0.0,
        0.0
      ],
      [
        0.1,
        0.0,
        0.1,
        0.0,
        0.0,
        0.0
      ],
      [
        0.1,
        0.0,
        0.0,
        0.1,
        0.0,
        0.0
      ],
      [
        0.0,
        0.0,
        0.0,
        0.0,
        0.1,
        0.0
      ],
      [
        0.0,
        0.0,
        0.0,
        0.0,
        0.0,
        0.1
      ],
      [
        0.1,
        0.0,
        0.0,
        0.0,
        0.0,
        0.0
      ],
      [
        0.0,
        0.1,
        0.0,
        0.0,
        0.0,
        0.0
      ],
      [
        0.0,
        0.0,
        0.1,
        0.0,
        0.0,
        0.0
      ],
      [
        0.0,
        0.1,
        0.0,
        0.1,
        0.0,
        0.0
      ],
      [
        0.0,
        0.1,
        0.0,
        0.0,
        0.1,
        0.0
      ],
      [
        0.0,
        0.1,
        0.0,
        0.0,
        0.0,
        0.1
      ],
      [
        0.1,
        0.0,
        0.0,
        0.0,
        0.0,
        0.0
      ],
      [
        0.0,
        0.1,
        0.0,
        0.0,
        0.0,
        0.0
      ],
      [
        0.0,
        0.0,
        0.1,
        0.0,
        0.0,
        0.0
      ],
      [
        0.0,
        0.0,
        0.0,
        0.1,
        0.0,
        0.0
      ],
      [
        0.0,
        0.0,
        0.0,
        0.0,
        0.1,
        0.0
      ],
      [
        0.0,
        0.0,
        0.1,
        0.0,
        0.0,
        0.1
      ],
      [
        0.1,
        0.0,
        0.1,
        0.0,
        0.0,
        0.0
      ],
      [
        0.0,
        0.1,
        0.1,
        0.0,
        0.0,
        0.0
      ],
      [
        0.0,
        0.0,
        0.1,
        0.0,
        0.0,
        0.0
      ],
      [
        0.0,
        0.0,
        0.0,
        0.1,
        0.0,
        0.0
      ],
      [
        0.0,
        0.0,
        0.0,
        0.0,
        0.1,
        0.0
      ],
      [
        0.0,
        0.0,
        0.0,
        0.0,
        0.0,
        0.1
      ],
      [
        0.1,
        0.0,
        0.0,
        0.0,
        0.0,
        0.0
      ],
      [
        0.0,
        0.1,
        0.0,
        0.1,
        0.0,
        0.0
      ],
      [
        0.0,
        0.0,
        0.1,
        0.1,
        0.0,
        0.0
      ],
      [
        0.0,
        0.0,
        0.0,
        0.2,
        0.0,
        0.0
      ],
      [
        0.0,
        0.0,
        0.0,
        0.0,
        0.1,
        0.0
      ],
      [
        0.0,
        0.0,
        0.0,
        0.0,
        0.0,
        0.1
      ],
      [
        0.1,
        0.0,
        0.0,
        0.0,
        0.0,
        0.0
      ],
      [
        0.0,
        0.1,
        0.0,
        0.0,
        0.0,
        0.0
      ],
      [
        0.0,
        0.0,
        0.1,
        0.0,
        0.0,
        0.0
      ],
      [
        0.0,
        0.0,
        0.0,
        0.1,
        0.1,
        0.0
      ],
      [
        0.0,
        0.0,
        0.0,
        0.0,
        0.2,
        0.0
      ],
      [
        0.0,
        0.0,
        0.0,
        0.0,
        0.1,
        0.1
      ],
      [
        0.1,
        0.0,
        0.0,
        0.0,
        0.0,
        0.0
      ],
      [
        0.0,
        0.1,
        0.0,
        0.0,
        0.0,
        0.0
      ],
      [
        0.0,
        0.0,
        0.1,
        0.0,
        0.0,
        0.0
      ],
      [
        0.0,
        0.0,
        0.0,
        0.1,
        0.0,
        0.0
      ],
      [
        0.0,
        0.0,
        0.0,
        0.0,
        0.1,
        0.0
      ],
      [
        0.0,
        0.0,
        0.0,
        0.0,
        0.0,
        0.2
      ],
      [
        0.0,
        0.0,
        0.0,
        0.0,
        0.0,
        0.1
      ],
      [
        0.0,
        0.0,
        0.0,
        0.0,
        0.0,
        0.1
      ],
      [
        0.0,
        0.0,
        0.0,
        0.0,
        0.0,
        0.0
      ]
    ]
  },
  "position_variance_avg": 131.485,
  "position_std_1": 12.44025723206719,
  "position_entropy_1": 3.321928094887362,
  "position_std_2": 10.863240768757727,
  "position_entropy_2": 3.321928094887362,
  "position_std_3": 10.091580649234292,
  "position_entropy_3": 3.321928094887362,
  "position_std_4": 10.307764064044152,
  "position_entropy_4": 3.1219280948873624,
  "position_std_5": 11.456002793295749,
  "position_entropy_5": 3.1219280948873624,
  "position_std_6": 13.296992141082132,
  "position_entropy_6": 3.1219280948873624,
  "gap_stddev": {
    "draw_1_gap_std": 0.0,
    "draw_2_gap_std": 0.0,
    "draw_3_gap_std": 0.0,
    "draw_4_gap_std": 0.0,
    "draw_5_gap_std": 0.0,
    "draw_6_gap_std": 0.0,
    "draw_7_gap_std": 0.0,
    "draw_8_gap_std": 0.0,
    "draw_9_gap_std": 0.0,
    "draw_10_gap_std": 0.0,
    "overall_gap_std": 3.2078029864690882,
    "recent_gap_std_avg": 0.0
  },
  "hot_numbers": [
    3,
    4,
    11,
    12,
    19,
    20,
    27,
    28
  ],
  "cold_numbers": [
    43,
    44
  ],